epoch,train_loss,mean_rmsd,lr,t
1,0.7489778555822518,0.07777712026440599,0.001,13.768494844436646
